{
  "points_new": [
    [
      16.71126902464901,
      0.0,
      -20.0
    ],
    [
      16.141846340973007,
      4.3251946914109896,
      -20.0
    ],
    [
      14.472383504822043,
      8.355634512324503,
      -20.0
    ],
    [
      11.816651649562017,
      11.816651649562017,
      -20.0
    ],
    [
      8.355634512324507,
      14.472383504822039,
      -20.0
    ],
    [
      4.3251946914109896,
      16.141846340973007,
      -20.0
    ],
    [
      1.023270106036336e-15,
      16.71126902464901,
      -20.0
    ],
    [
      -4.325194691410988,
      16.141846340973007,
      -20.0
    ],
    [
      -8.355634512324501,
      14.472383504822043,
      -20.0
    ],
    [
      -11.816651649562015,
      11.816651649562017,
      -20.0
    ],
    [
      -14.472383504822043,
      8.355634512324503,
      -20.0
    ],
    [
      -16.141846340973004,
      4.325194691410994,
      -20.0
    ],
    [
      -16.71126902464901,
      2.046540212072672e-15,
      -20.0
    ],
    [
      -16.141846340973007,
      -4.32519469141099,
      -20.0
    ],
    [
      -14.472383504822044,
      -8.3556345123245,
      -20.0
    ],
    [
      -11.816651649562024,
      -11.81665164956201,
      -20.0
    ],
    [
      -8.355634512324512,
      -14.472383504822037,
      -20.0
    ],
    [
      -4.325194691410988,
      -16.141846340973007,
      -20.0
    ],
    [
      -3.0698103181090077e-15,
      -16.71126902464901,
      -20.0
    ],
    [
      4.3251946914109825,
      -16.14184634097301,
      -20.0
    ],
    [
      8.355634512324507,
      -14.472383504822039,
      -20.0
    ],
    [
      11.816651649562013,
      -11.816651649562019,
      -20.0
    ],
    [
      14.472383504822036,
      -8.355634512324512,
      -20.0
    ],
    [
      16.141846340973004,
      -4.325194691411004,
      -20.0
    ]
  ],
  "ring_indices": [
    2521,
    2522,
    2523,
    2524,
    2525,
    2526,
    2527,
    2528,
    2529,
    2530,
    2531,
    2532,
    2533,
    2534,
    2535,
    2536,
    2537,
    2538,
    2539,
    2540,
    2541,
    2542,
    2543,
    2544
  ],
  "ring_edges": [
    [
      2521,
      2522
    ],
    [
      2522,
      2523
    ],
    [
      2523,
      2524
    ],
    [
      2524,
      2525
    ],
    [
      2525,
      2526
    ],
    [
      2526,
      2527
    ],
    [
      2527,
      2528
    ],
    [
      2528,
      2529
    ],
    [
      2529,
      2530
    ],
    [
      2530,
      2531
    ],
    [
      2531,
      2532
    ],
    [
      2532,
      2533
    ],
    [
      2533,
      2534
    ],
    [
      2534,
      2535
    ],
    [
      2535,
      2536
    ],
    [
      2536,
      2537
    ],
    [
      2537,
      2538
    ],
    [
      2538,
      2539
    ],
    [
      2539,
      2540
    ],
    [
      2540,
      2541
    ],
    [
      2541,
      2542
    ],
    [
      2542,
      2543
    ],
    [
      2543,
      2544
    ],
    [
      2544,
      2521
    ]
  ]
}