{
  "points_new": [
    [
      25.464790894703256,
      0.0,
      -30.0
    ],
    [
      24.597099186244584,
      6.590772863102462,
      -30.0
    ],
    [
      22.053155816871687,
      12.732395447351626,
      -30.0
    ],
    [
      18.006326323142126,
      18.006326323142126,
      -30.0
    ],
    [
      12.732395447351632,
      22.053155816871683,
      -30.0
    ],
    [
      6.590772863102462,
      24.597099186244584,
      -30.0
    ],
    [
      1.5592687330077503e-15,
      25.464790894703256,
      -30.0
    ],
    [
      -6.590772863102459,
      24.597099186244584,
      -30.0
    ],
    [
      -12.732395447351623,
      22.053155816871687,
      -30.0
    ],
    [
      -18.006326323142122,
      18.006326323142126,
      -30.0
    ],
    [
      -22.053155816871687,
      12.732395447351626,
      -30.0
    ],
    [
      -24.597099186244584,
      6.590772863102469,
      -30.0
    ],
    [
      -25.464790894703256,
      3.1185374660155007e-15,
      -30.0
    ],
    [
      -24.597099186244584,
      -6.590772863102463,
      -30.0
    ],
    [
      -22.053155816871687,
      -12.732395447351621,
      -30.0
    ],
    [
      -18.006326323142133,
      -18.006326323142112,
      -30.0
    ],
    [
      -12.732395447351639,
      -22.05315581687168,
      -30.0
    ],
    [
      -6.590772863102459,
      -24.597099186244584,
      -30.0
    ],
    [
      -4.677806199023251e-15,
      -25.464790894703256,
      -30.0
    ],
    [
      6.59077286310245,
      -24.597099186244588,
      -30.0
    ],
    [
      12.732395447351632,
      -22.053155816871683,
      -30.0
    ],
    [
      18.00632632314212,
      -18.006326323142126,
      -30.0
    ],
    [
      22.053155816871676,
      -12.732395447351639,
      -30.0
    ],
    [
      24.59709918624458,
      -6.590772863102483,
      -30.0
    ]
  ],
  "ring_indices": [
    793,
    794,
    795,
    796,
    797,
    798,
    799,
    800,
    801,
    802,
    803,
    804,
    805,
    806,
    807,
    808,
    809,
    810,
    811,
    812,
    813,
    814,
    815,
    816
  ],
  "ring_edges": [
    [
      793,
      794
    ],
    [
      794,
      795
    ],
    [
      795,
      796
    ],
    [
      796,
      797
    ],
    [
      797,
      798
    ],
    [
      798,
      799
    ],
    [
      799,
      800
    ],
    [
      800,
      801
    ],
    [
      801,
      802
    ],
    [
      802,
      803
    ],
    [
      803,
      804
    ],
    [
      804,
      805
    ],
    [
      805,
      806
    ],
    [
      806,
      807
    ],
    [
      807,
      808
    ],
    [
      808,
      809
    ],
    [
      809,
      810
    ],
    [
      810,
      811
    ],
    [
      811,
      812
    ],
    [
      812,
      813
    ],
    [
      813,
      814
    ],
    [
      814,
      815
    ],
    [
      815,
      816
    ],
    [
      816,
      793
    ]
  ]
}